cust_id,name,phone_number,password
1,Sandra,9286835051,1234
2,Todd,8804190359,1234
3,Bertha,7939137063,1234
4,Steven,8787869862,1234
5,Toni,8503345196,1234
6,Cherie,8603475791,1234
7,Ethel,8652643918,1234
8,Rolando,8921430114,1234
9,Kenneth,9338257642,1234
10,Dorothy,8332857026,1234
11,Kevin,9006973533,1234
12,Jason,9458147437,1234
13,Tony,8742775608,1234
14,Don,7072506174,1234
15,Michelle,7372689522,1234
16,Leonard,8387657481,1234
17,Leonard,7272927705,1234
18,Carol,7064358723,1234
19,Larry,8865194233,1234
20,Rolando,8991688760,1234
21,Ricky,9593075065,1234
22,Catherine,9633768699,1234
23,Chester,7046338148,1234
24,Frances,8885452142,1234
25,Emily,7945819058,1234
26,David,7127080853,1234
27,Shirley,9191255753,1234
28,Abdul,8196062372,1234
29,Virginia,9979873745,1234
30,Anna,7181678690,1234
31,Charles,7111486556,1234
32,Rachael,9703446762,1234
33,Anna,8924279234,1234
34,Douglas,9536202109,1234
35,Enriqueta,7878388928,1234
36,Walter,7860167886,1234
37,Raymond,9858137592,1234
38,Keith,9352697297,1234
39,Dana,8299367143,1234
40,Jodi,8236591784,1234
41,Michael,7539142421,1234
42,Elizabeth,9726644275,1234
43,Lance,7936523235,1234
44,Janelle,9900554548,1234
45,James,9627455115,1234
46,Ricardo,9937284053,1234
47,Charissa,7581262962,1234
48,Eric,9068504905,1234
49,Ashley,8446387013,1234
50,Viola,8390268333,1234
51,Joe,8373679142,1234
52,Jeffrey,7606942757,1234
53,Jose,9610950361,1234
54,William,9173213283,1234
55,Kip,7388306182,1234
56,Lee,7443323198,1234
57,Stephanie,8181715290,1234
58,Helen,7272044916,1234
59,Raymond,9716133975,1234
60,Imogene,9035532087,1234
61,Darren,9566985956,1234
62,John,9691307847,1234
63,Debra,7395184183,1234
64,Jonathan,7275193822,1234
65,Margaret,8288070070,1234
66,Stacy,9380837382,1234
67,Timothy,9990961523,1234
68,Destiny,7473923000,1234
69,Jacklyn,9667154953,1234
70,Peggy,7462574275,1234
71,Virginia,7457659682,1234
72,Preston,7196572515,1234
73,Jean,9431739853,1234
74,Pauline,9708785694,1234
75,Miguel,8686939014,1234
76,Martha,8224261528,1234
77,Kimberlee,9402656702,1234
78,Tyler,9392275217,1234
79,Stacy,7680583499,1234
80,Margaret,7679121661,1234
81,Virgie,9061490591,1234
82,Ervin,7429673366,1234
83,Steven,8173596123,1234
84,Ollie,7392001745,1234
85,William,9150699167,1234
86,Cynthia,7060631172,1234
87,Jeri,7590604292,1234
88,Paul,7669168247,1234
89,Kimberly,8047942684,1234
90,Darrel,8596105984,1234
91,Marie,9754118518,1234
92,Wilburn,8557450724,1234
93,Daniel,8083872383,1234
94,Karen,9264841904,1234
95,Jessica,7522232901,1234
96,Jorge,8249720333,1234
97,Kenneth,8044484749,1234
98,Marvin,9132081088,1234
99,Robert,9037386743,1234
100,Teresa,9156465754,1234
101,Bruce,7883967458,1234
102,Leroy,8675072731,1234
103,Chad,8793325672,1234
104,Virginia,9836592433,1234
105,Jo,9015535802,1234
106,Tammy,9182546821,1234
107,Tarsha,7278999660,1234
108,Hazel,9499764290,1234
109,Mariann,9103174577,1234
110,Jacinto,9245125170,1234
111,Manuel,9549700132,1234
112,Edna,9649445725,1234
113,Anna,8381755457,1234
114,Thomas,8233796647,1234
115,Opal,7223189064,1234
116,Isaac,7121570969,1234
117,Sharon,7773807599,1234
118,Greg,8803181648,1234
119,Maria,9062111432,1234
120,Donald,7295773368,1234
121,Kathleen,9864734243,1234
122,Stephen,9890818537,1234
123,Caroline,7491200501,1234
124,Kevin,9020933221,1234
125,Linda,9602962747,1234
126,Mamie,8258784271,1234
127,Donald,8988251628,1234
128,Steven,7238659282,1234
129,Mack,8105550276,1234
130,Richard,8794146903,1234
131,Dorothy,7558576998,1234
132,Angela,9226946420,1234
133,Lora,8262013718,1234
134,Marilyn,8497737796,1234
135,Mary,9892441059,1234
136,Michael,8238724649,1234
137,Kurt,8888909057,1234
138,Bobby,8375225216,1234
139,Natasha,7945179643,1234
140,Ronald,9781957460,1234
141,Lemuel,7263893344,1234
142,Derrick,7594195429,1234
143,James,8169064124,1234
144,Phillip,8507578723,1234
145,Joan,7718208697,1234
146,Karen,7961250848,1234
147,Tyler,9707173600,1234
148,Catherine,9363574120,1234
149,Ralph,7992286317,1234
150,Travis,9547180766,1234
151,Rosemarie,8426840328,1234
152,Stacia,8329414955,1234
153,Edna,7044670497,1234
154,Brice,9818083546,1234
155,Christina,8545082844,1234
156,Patricia,9580936480,1234
157,John,9905194269,1234
158,Robert,8347125284,1234
159,Allen,9542706517,1234
160,Donna,9591334175,1234
161,Marie,7459495056,1234
162,Leone,7303170441,1234
163,Jeff,7414981676,1234
164,Tammy,7490346223,1234
165,Victoria,8456804716,1234
166,Bradley,8879327275,1234
167,Dessie,9626023018,1234
168,Daryl,8456154294,1234
169,Sherrie,7192820453,1234
170,David,9527833488,1234
171,Luke,9405729762,1234
172,Scott,7202992118,1234
173,Ann,7658561649,1234
174,John,7345249619,1234
175,Lauren,7278721588,1234
176,Eugene,7782778944,1234
177,Jennifer,9977409045,1234
178,Roma,7256768695,1234
179,Edwin,7412204364,1234
180,Maria,9920957007,1234
181,Treena,9630220608,1234
182,Leonard,9394927994,1234
183,Luther,9568244509,1234
184,Tina,8428085465,1234
185,Billy,7026044595,1234
186,David,8912703704,1234
187,Karen,8348976485,1234
188,Gladys,7510968705,1234
189,Danielle,7814498794,1234
190,Jeff,8872704456,1234
191,Diane,9226583582,1234
192,Anthony,8563797358,1234
193,Benjamin,8958364638,1234
194,Doris,8369175807,1234
195,John,7559058607,1234
196,Renee,7585844644,1234
197,Stephen,8602257338,1234
198,Maria,8821748338,1234
199,Dottie,8612982128,1234
200,Meghan,7080588516,1234
201,Stella,9243929393,1234
202,Alan,7564377203,1234
203,Rosemary,8592072686,1234
204,Catherine,8974441899,1234
205,Arthur,9457395338,1234
206,James,8576646050,1234
207,Joe,8864518318,1234
208,Lillian,9430688106,1234
209,Erica,8480204372,1234
210,Amber,7763019632,1234
211,Margie,9062490650,1234
212,Gary,8280964342,1234
213,Thomas,9379922829,1234
214,Eddie,9909604911,1234
215,Mildred,9155048757,1234
216,Charles,7480174744,1234
217,Thomas,8602222907,1234
218,Arthur,7708840621,1234
219,Matthew,9878535875,1234
220,Ronald,7985983762,1234
221,Cheryl,9425265644,1234
222,Henry,9816668291,1234
223,Teresa,9281284513,1234
224,Jacob,8930428078,1234
225,Carrie,8234303078,1234
226,Harry,8648993920,1234
227,Donna,9225829263,1234
228,Christine,9663040583,1234
229,Phillip,9508194681,1234
230,Otto,7370813726,1234
231,Rose,9156614094,1234
232,Teresa,7519711191,1234
233,Josephine,9919177933,1234
234,David,8781858394,1234
235,Angelina,7225451193,1234
236,Samantha,9773617481,1234
237,Dave,7859901079,1234
238,Donald,8755304499,1234
239,David,8528424404,1234
240,Melanie,7533312574,1234
241,Serena,8557281193,1234
242,Ronald,8455924857,1234
243,Cynthia,7735308441,1234
244,Dawn,7221212167,1234
245,Tony,9649329429,1234
246,James,7127910076,1234
247,Harmony,8492804960,1234
248,Randy,8662012894,1234
249,Carrie,8562805352,1234
250,Velma,7014569609,1234
251,Barry,7731067558,1234
252,Janice,7262896471,1234
253,Tawana,8479346231,1234
254,Lou,9417268035,1234
255,Phyllis,8575315294,1234
256,Larry,8138222488,1234
257,Walter,9466847466,1234
258,Robert,9351365181,1234
259,Elizabeth,8461227550,1234
260,Margaret,7270235494,1234
261,Jennifer,8327065205,1234
262,Lynda,9024090851,1234
263,Randy,7987040301,1234
264,Ernest,9020288748,1234
265,Eric,7668952920,1234
266,David,7346774240,1234
267,Randy,7866153599,1234
268,Joyce,8001643182,1234
269,John,8959889305,1234
270,Francisco,9713337114,1234
271,Herbert,9059299174,1234
272,Patricia,8193299569,1234
273,Janet,7991198256,1234
274,Alma,7016989783,1234
275,Reynaldo,7189283405,1234
276,Adam,9517146540,1234
277,Frank,8342347429,1234
278,David,7968669090,1234
279,Louise,8985964714,1234
280,Joanne,9596007608,1234
281,Federico,9466138448,1234
282,Carol,8326571818,1234
283,Rocky,7445574105,1234
284,Alyssa,8379241540,1234
285,Gary,7037196011,1234
286,Eric,8175467434,1234
287,Tiffany,9011884940,1234
288,Alejandro,8628642614,1234
289,Edna,7948088441,1234
290,Stephen,8228878508,1234
291,Bradley,8162264857,1234
292,John,9173641640,1234
293,Sarah,8384995796,1234
294,Ronald,8459251563,1234
295,John,7827490535,1234
296,Brian,8394516433,1234
297,Nellie,9228787658,1234
298,Darrel,9586858942,1234
299,Ann,7315997891,1234
300,Jolene,7085584161,1234
301,Veronica,7835704252,1234
302,Patricia,7948910401,1234
303,Colleen,9719700680,1234
304,John,7780659873,1234
305,Jackie,8200570830,1234
306,Jessica,9681630334,1234
307,Steven,7097531889,1234
308,Lena,8578577353,1234
309,Jonathan,9333491223,1234
310,Alice,7528573133,1234
311,Lula,9091751146,1234
312,Brittney,9248716952,1234
313,Rose,9490842054,1234
314,George,8402794550,1234
315,Paul,9199950059,1234
316,Evelyn,8958916130,1234
317,John,8937754203,1234
318,Madeline,7095424599,1234
319,Maxine,9732796731,1234
320,Matthew,7065778105,1234
321,Allan,8810585259,1234
322,Diane,9131488928,1234
323,Ray,9131690195,1234
324,Diane,8801261376,1234
325,Kacy,7671514766,1234
326,Kenneth,7828085325,1234
327,Robert,9313560695,1234
328,Deshawn,9536672904,1234
329,Nancy,7630493013,1234
330,Barbara,8767848610,1234
331,Anna,7114757585,1234
332,Alice,7887342959,1234
333,Bryan,9840810672,1234
334,Angie,9020896640,1234
335,Bruce,9394314197,1234
336,David,8743979992,1234
337,Graciela,7901665466,1234
338,Gabriela,9314862821,1234
339,Francisca,7073810902,1234
340,Carol,7348921764,1234
341,Whitney,7054403483,1234
342,Sharon,8160271513,1234
343,Ilda,9901153807,1234
344,Michael,9456112603,1234
345,Bernard,7234907542,1234
346,Clifford,7610675215,1234
347,Paul,7873088389,1234
348,Norma,9611723905,1234
349,Todd,8129683342,1234
350,Alfred,8348100937,1234
351,Jessica,8764871427,1234
352,Mary,7298286450,1234
353,Melissa,8266620625,1234
354,Drew,7061747540,1234
355,Sharon,7195006801,1234
356,Beth,7180075900,1234
357,William,8706878276,1234
358,Sarah,7103946225,1234
359,Fred,9501396086,1234
360,Robert,9496319315,1234
361,Kia,9493158026,1234
362,Dan,9692689719,1234
363,Maria,8862916633,1234
364,Joshua,8702175868,1234
365,Joe,7359770425,1234
366,Douglas,9266659437,1234
367,Ryan,7548107578,1234
368,Terry,8725748844,1234
369,Elizabeth,7969347164,1234
370,Elizabeth,7321465248,1234
371,Phyllis,7974062092,1234
372,Jason,9403564594,1234
373,Jack,9605361780,1234
374,Keith,7995002048,1234
375,Sue,9390351688,1234
376,Betty,9336527514,1234
377,Jane,7347825275,1234
378,Anna,9474019559,1234
379,Joyce,8414233572,1234
380,Hobert,9876293002,1234
381,Mark,8878780071,1234
382,Laura,7411484037,1234
383,Julia,7551892074,1234
384,Larry,7867034136,1234
385,Clayton,9497034716,1234
386,Delores,9794613424,1234
387,William,8709364271,1234
388,William,8466831281,1234
389,Pamela,8887634158,1234
390,Michelle,8273841829,1234
391,Terry,8930282245,1234
392,Angela,7549646372,1234
393,Linda,8592640962,1234
394,Michelle,7700186882,1234
395,Donald,9140422708,1234
396,Oscar,7442460291,1234
397,Hang,7437937314,1234
398,Salvador,7718389536,1234
399,Christopher,7223372347,1234
400,Steven,9810694139,1234
401,Raymond,9994475946,1234
402,James,9402424700,1234
403,Michael,7955749478,1234
404,David,9203026614,1234
405,Kirsten,8071669517,1234
406,Josh,8534550601,1234
407,Curtis,7685507049,1234
408,Rocco,8384964522,1234
409,Scott,8800008342,1234
410,Brett,8731184092,1234
411,Andrew,9177374694,1234
412,Maria,9270068173,1234
413,Peggy,8373027976,1234
414,James,8401064917,1234
415,Denise,8720609888,1234
416,Amanda,8371247555,1234
417,Jessica,9149074331,1234
418,Wilma,9470862575,1234
419,Allison,9927754314,1234
420,Lydia,8679323434,1234
421,Lola,8660144908,1234
422,James,7747460771,1234
423,Kyle,8238285485,1234
424,Marcella,9675001623,1234
425,Mark,7496689809,1234
426,Josephine,7329017005,1234
427,Tamie,9014892700,1234
428,Rodolfo,9962294783,1234
429,John,9529728708,1234
430,Nancy,7030519561,1234
431,Lynn,8452022470,1234
432,Ashleigh,8136494149,1234
433,Susan,7739658250,1234
434,April,7019600547,1234
435,Edward,7265710734,1234
436,Heather,8641001082,1234
437,John,9950277586,1234
438,Richard,7329422500,1234
439,Leslie,8642382165,1234
440,Vicky,7013062922,1234
441,Andrew,7967596999,1234
442,Dinah,9544469908,1234
443,Raquel,9475662437,1234
444,Elaine,8833673999,1234
445,Richard,7148128510,1234
446,Karen,8002849163,1234
447,Amber,7513014411,1234
448,Evelyn,9769476253,1234
449,Gregory,7129125698,1234
450,Helen,7084155834,1234
451,George,9602615801,1234
452,Mae,8794956843,1234
453,Judy,8828685989,1234
454,Deloris,9064614354,1234
455,Cynthia,7602884359,1234
456,Paul,9716559017,1234
457,Charles,7774885472,1234
458,Robert,7629399494,1234
459,Terry,8523020350,1234
460,Richard,8714755080,1234
461,Victoria,8224732898,1234
462,Brandon,8324101193,1234
463,Micah,7758296774,1234
464,Bobby,7142652628,1234
465,Jennifer,8778485475,1234
466,Raymond,7213424307,1234
467,Stephanie,7762754856,1234
468,Dennis,8718423376,1234
469,Ann,9280013385,1234
470,Misty,7467715278,1234
471,Amy,9712541966,1234
472,Jesse,9813898095,1234
473,John,7962367962,1234
474,Michael,9782779026,1234
475,Barbara,9477914426,1234
476,Annie,9298097404,1234
477,Deborah,8139654067,1234
478,Dennis,7601486155,1234
479,Karl,8473254542,1234
480,Jason,7807850044,1234
481,Mike,9722011514,1234
482,Andrea,9697920872,1234
483,Alice,8941246391,1234
484,Gary,7408968487,1234
485,Mary,9686212325,1234
486,Son,7582802508,1234
487,Dorene,8435817630,1234
488,Gena,8718127199,1234
489,Lydia,9752942673,1234
490,John,7202465979,1234
491,Johnnie,8682174901,1234
492,Helen,7950235314,1234
493,Mattie,7872169055,1234
494,Vivian,7794220624,1234
495,David,8072284280,1234
496,Dorothy,8725557612,1234
497,Gail,7267649114,1234
498,Willie,8608788699,1234
499,Derick,9274495118,1234
500,Linda,9465817197,1234
501,Richard,7456431829,1234
502,Christopher,8847754784,1234
503,Luis,7239448325,1234
504,James,7138783193,1234
505,Milton,8662812819,1234
506,Brian,8101784778,1234
507,Melissa,7770875345,1234
508,Denise,7023964997,1234
509,William,8653368208,1234
510,Marcus,8767120532,1234
511,James,7984059953,1234
512,Ladonna,8604494892,1234
513,Dennis,8458683081,1234
514,Patricia,8334735078,1234
515,Rebecca,7372843858,1234
516,Mary,8468959464,1234
517,Francis,8882968911,1234
518,Virgil,9121409531,1234
519,Aubrey,7375485521,1234
520,Nicki,9762976477,1234
521,Katie,7411972914,1234
522,Marcia,8214420302,1234
523,Walter,7860755080,1234
524,Johnnie,9350335665,1234
525,Paula,7237506887,1234
526,James,8650777292,1234
527,Sandra,7522640315,1234
528,Barbara,8314772904,1234
529,Carrie,7891750924,1234
530,Henry,7332182874,1234
531,Carolyn,8586959339,1234
532,Scott,7219342815,1234
533,Joe,7556395317,1234
534,William,9559654220,1234
535,Michael,9375909436,1234
536,Frances,9596721991,1234
537,Rick,8466276018,1234
538,Irma,8691753813,1234
539,Christopher,9894943965,1234
540,Daniel,7216276292,1234
541,Lena,8728831492,1234
542,John,9141775242,1234
543,Angie,9757897236,1234
544,Janet,7611806284,1234
545,Alberto,7175860906,1234
546,Billy,7119489317,1234
547,Marion,7703809437,1234
548,Traci,7811864635,1234
549,Barbara,8210440374,1234
550,Cora,8967619676,1234
551,Wayne,7428339992,1234
552,Evelyn,8264099164,1234
553,Joyce,8267489111,1234
554,Stephen,9725634298,1234
555,Ashley,7970519280,1234
556,Tom,7940066941,1234
557,Olga,7128611769,1234
558,Mary,7674957502,1234
559,Ruth,9460447151,1234
560,Tashina,9059053171,1234
561,Lawrence,8914384137,1234
562,Sandy,7873717563,1234
563,Irving,9244651544,1234
564,Frances,7854433589,1234
565,Beulah,7835544615,1234
566,Jesse,8931060799,1234
567,Chance,8351755685,1234
568,Carlton,8369804732,1234
569,Aimee,7175945830,1234
570,Morgan,8864427512,1234
571,Jaye,7858480110,1234
572,Judith,9733956648,1234
573,Curtis,8363907131,1234
574,Mark,9278971568,1234
575,Emil,7730207244,1234
576,Robert,9675133468,1234
577,Antonio,7774945895,1234
578,Andre,7910636058,1234
579,Herman,7102557065,1234
580,Sergio,7840460429,1234
581,Timothy,7340910008,1234
582,Carol,9932838927,1234
583,Anne,7762125935,1234
584,Robert,7315375488,1234
585,Jacob,9959586724,1234
586,Asa,8632279898,1234
587,Charles,7884496768,1234
588,Ashley,9519336711,1234
589,Jayne,8229203764,1234
590,Sonia,9034788051,1234
591,Andrew,9642260195,1234
592,Kyla,9125599186,1234
593,Emma,9685331277,1234
594,Mark,7699270482,1234
595,Douglas,9237437125,1234
596,David,8945384376,1234
597,Calvin,8241341859,1234
598,Louise,7555182634,1234
599,Veronica,9755764472,1234
600,Clifford,7262049951,1234
601,Maria,7896787082,1234
602,Robert,9887038812,1234
603,Connie,7728267634,1234
604,Henry,9396568548,1234
605,Robert,8828102626,1234
606,Jean,9431544623,1234
607,Peter,8341133256,1234
608,Eileen,9043329892,1234
609,Alvin,9578977130,1234
610,Terry,8701209085,1234
611,Lonnie,8473191127,1234
612,Mary,7440483849,1234
613,Leo,8678304398,1234
614,Adam,7631626324,1234
615,Maria,7400999518,1234
616,Carlos,9868834750,1234
617,James,8855562196,1234
618,Viola,8558482582,1234
619,Melissa,9562576065,1234
620,Loren,7226525145,1234
621,Mary,7710523966,1234
622,Thomas,7577112021,1234
623,Kelly,9976365445,1234
624,Charles,9748472214,1234
625,Michael,8176744719,1234
626,Miriam,9788809936,1234
627,Donna,7838464888,1234
628,Mary,8112294415,1234
629,Charlotte,8157732877,1234
630,Jessica,9702412398,1234
631,Willie,8364500978,1234
632,Julie,9519342678,1234
633,John,7423813752,1234
634,Sherry,9355909440,1234
635,Angela,7081277043,1234
636,Maynard,9053099144,1234
637,Mary,9033434316,1234
638,Julia,7196605126,1234
639,Arthur,8152162496,1234
640,Irvin,8807996717,1234
641,Linda,9895251271,1234
642,Irma,8345486685,1234
643,Franklin,7508576170,1234
644,Sean,7565796417,1234
645,David,8651304208,1234
646,Philip,8353844218,1234
647,Nancy,7657731335,1234
648,Gary,7340689956,1234
649,Wanda,9991520056,1234
650,Clarence,7923967006,1234
651,Alice,9809291178,1234
652,Daryl,9792874257,1234
653,Dorothy,9697491240,1234
654,Timothy,9490364607,1234
655,Nadene,7544524410,1234
656,Monica,9356902113,1234
657,Geoffrey,8594870263,1234
658,Lisa,8572758050,1234
659,Loretta,8275945021,1234
660,Myrtis,9014269220,1234
661,Ernest,9042000632,1234
662,Darlene,8527392270,1234
663,Elsie,9119886899,1234
664,Karen,8981932413,1234
665,Christina,9371900887,1234
666,Shirley,9511812512,1234
667,Brian,9170080230,1234
668,William,7268339313,1234
669,Rosa,8204915000,1234
670,David,8674620214,1234
671,Darrell,9850342744,1234
672,Yolanda,7207910529,1234
673,Charles,9109944080,1234
674,Gloria,8715938994,1234
675,Betty,8524239529,1234
676,Crystal,9743289431,1234
677,Calvin,8183975583,1234
678,Mary,8356250283,1234
679,Jennifer,8632705433,1234
680,Donald,9093706527,1234
681,Peter,7279501744,1234
682,Laura,7588976365,1234
683,Kathleen,7025280099,1234
684,Elmer,7646015455,1234
685,Bertha,8110142979,1234
686,Marjorie,8523293629,1234
687,Rodger,8770645124,1234
688,Carlos,7019405803,1234
689,Jesus,9761873659,1234
690,Julia,9880922994,1234
691,Krystal,8089312604,1234
692,Clarence,7971887934,1234
693,Elsie,8272743663,1234
694,Jackeline,9882175878,1234
695,Earl,9510722359,1234
696,Nathaniel,7783871803,1234
697,Janice,8644260526,1234
698,Carmon,9851757097,1234
699,Jerry,8812319232,1234
700,Alex,9437139807,1234
701,David,9302531444,1234
702,Mark,9856621029,1234
703,Paul,8629690769,1234
704,Henry,9595089328,1234
705,Jacob,9613197695,1234
706,Walter,8671945330,1234
707,Lacy,9412934683,1234
708,Daryl,7439011893,1234
709,Chung,8654692683,1234
710,Derrick,7784970259,1234
711,Roger,8792746004,1234
712,Donald,9085569387,1234
713,Lonnie,9793518065,1234
714,Jason,9782088270,1234
715,John,7677982420,1234
716,Carol,7323984587,1234
717,Jacquline,9434825093,1234
718,Shara,9524698693,1234
719,Bethany,9798385880,1234
720,Jessie,9733157032,1234
721,Bryce,7012840210,1234
722,Ola,7223434604,1234
723,Rickey,9238835896,1234
724,Robert,7430759464,1234
725,Yvonne,7178007201,1234
726,Joseph,9687564642,1234
727,William,9910339333,1234
728,Teri,7589285390,1234
729,David,7606765257,1234
730,Marlene,7179923441,1234
731,John,9970488012,1234
732,Mark,7495824711,1234
733,Bessie,8932685607,1234
734,Angela,8893495482,1234
735,David,9197119998,1234
736,Irma,9664048786,1234
737,Myrtle,8267798559,1234
738,Daniel,8432350719,1234
739,Inez,8476053400,1234
740,Debbie,8459844362,1234
741,Richard,8920799094,1234
742,Edwin,9293887908,1234
743,Fred,9647833375,1234
744,David,8598451448,1234
745,Mercedes,8145346176,1234
746,Harold,7229510152,1234
747,Ella,8154325138,1234
748,Lance,8714111840,1234
749,Kelly,7782032708,1234
750,Carol,8370278419,1234
751,Bernard,7958645135,1234
752,Ricky,8602150462,1234
753,Jessie,8290817881,1234
754,Freda,7068344832,1234
755,Hannah,8091636806,1234
756,Rose,8249267125,1234
757,Benjamin,7666953958,1234
758,Marvin,8251540592,1234
759,Thomas,7257120638,1234
760,Sarah,8487151548,1234
761,John,9247569112,1234
762,Tessa,7018099087,1234
763,Dorothy,8150074656,1234
764,Roy,9710888300,1234
765,Lenora,8511284493,1234
766,William,9642647437,1234
767,William,7821221063,1234
768,Janice,8461468653,1234
769,Richard,7115933493,1234
770,Albert,7480385320,1234
771,Carol,8187604655,1234
772,Wanda,8602973862,1234
773,Mary,9907088849,1234
774,Robert,7680551209,1234
775,Tom,7748586892,1234
776,Irene,8035458013,1234
777,Jennifer,9819630779,1234
778,Susan,8047321092,1234
779,Roberto,7216307226,1234
780,Karen,8294982991,1234
781,Debbie,7609658852,1234
782,Mary,7778029419,1234
783,Alice,7716254083,1234
784,Rhonda,8352952288,1234
785,Hubert,8522144056,1234
786,Eric,7357848367,1234
787,Frank,7227674645,1234
788,Jeremiah,7506745966,1234
789,Leigh,8653266918,1234
790,Adam,7626910944,1234
791,Vinnie,7273923581,1234
792,Andy,8967472707,1234
793,Robert,9323917097,1234
794,Sasha,7361504819,1234
795,Lawrence,7301750127,1234
796,James,8910824332,1234
797,Cynthia,7380141016,1234
798,Margie,9289647336,1234
799,Jessie,8941288314,1234
800,Rebecca,7234312762,1234
801,Jesse,9252780396,1234
802,Mattie,7248027981,1234
803,Nancy,8090158789,1234
804,Lori,9411070302,1234
805,Jose,8048186381,1234
806,Max,7574173606,1234
807,Drew,8397611464,1234
808,Russell,7517181739,1234
809,Roy,7623701441,1234
810,Josefina,8559704802,1234
811,Brandie,8617008117,1234
812,Johnny,8825747956,1234
813,Juanita,9787241892,1234
814,Theresa,8914375310,1234
815,Clifford,9169938929,1234
816,John,7489992587,1234
817,Michael,8455548909,1234
818,Tom,7371800725,1234
819,Tracey,7073080485,1234
820,James,8822872309,1234
821,Chadwick,7896454812,1234
822,Peter,7681041295,1234
823,Anthony,9715378534,1234
824,Pat,8858821697,1234
825,Myra,9828525861,1234
826,Mario,7628896421,1234
827,Richard,9820942444,1234
828,Jacqueline,8250724612,1234
829,Dolores,8376073871,1234
830,Adam,7843042691,1234
831,Anthony,7553827670,1234
832,Geraldine,8395978835,1234
833,Edward,8450832924,1234
834,Dawn,9961429895,1234
835,Susan,7551334834,1234
836,Betty,8074709223,1234
837,Valene,8722672080,1234
838,Randall,8333181148,1234
839,Janet,9683353994,1234
840,Sonia,7486809981,1234
841,Amelia,8241065054,1234
842,Nanette,7128181886,1234
843,Boyd,9624757005,1234
844,Drema,9063018672,1234
845,Lauren,7344492373,1234
846,Pamila,7758463825,1234
847,Duane,9184873277,1234
848,Dewayne,7096939573,1234
849,Laura,9666591492,1234
850,Cheryl,9397769952,1234
851,David,8199743129,1234
852,Rafael,8200399162,1234
853,James,8646230416,1234
854,Aaron,7823542236,1234
855,Beverly,8841759827,1234
856,Kyong,7747207074,1234
857,Mildred,7100905227,1234
858,Lori,8108760127,1234
859,Howard,9666463752,1234
860,Rachel,7462414581,1234
861,Peter,9289240807,1234
862,Jeremy,7369332669,1234
863,Gladys,9634329144,1234
864,Juanita,7499484850,1234
865,Miriam,9627525246,1234
866,Frederick,7146080057,1234
867,Jerry,8400777826,1234
868,Anthony,8460365199,1234
869,Rachael,8662229587,1234
870,Filiberto,9180101574,1234
871,Katharina,8675255370,1234
872,Richard,9051747183,1234
873,George,9636123215,1234
874,Daniel,7209585274,1234
875,Barry,9230095349,1234
876,James,8055739998,1234
877,Robert,8423382944,1234
878,Elizabeth,8666104270,1234
879,David,7001770619,1234
880,Gordon,8843764575,1234
881,Joshua,7119077857,1234
882,Rosa,8250248478,1234
883,Steven,7865786228,1234
884,Reba,7451407930,1234
885,Ryan,8884287895,1234
886,Matthew,7940701848,1234
887,Myrtle,8510891038,1234
888,Samuel,7558310690,1234
889,Stephen,8040977204,1234
890,Jazmine,8613970396,1234
891,Evelyn,9691192865,1234
892,Ernest,7407820394,1234
893,Terrance,9687691652,1234
894,Martin,7477050071,1234
895,Jennifer,7009658207,1234
896,Ronald,7038288618,1234
897,Ashley,8319339687,1234
898,Clint,9526197987,1234
899,Jessie,9887080684,1234
900,Isidro,9483301986,1234
901,Bianca,7190753227,1234
902,Susan,8308427819,1234
903,Randy,8876335380,1234
904,Jeff,8123273945,1234
905,Jennifer,8556031415,1234
906,Christina,7518286593,1234
907,Isabel,9551179979,1234
908,George,9422166718,1234
909,Marta,8951627560,1234
910,John,9266074315,1234
911,Alice,8158812694,1234
912,Eli,8877488374,1234
913,David,8712534881,1234
914,Francis,8037705933,1234
915,Patricia,7581604741,1234
916,Victor,8788431983,1234
917,Harry,9324801391,1234
918,Opal,7157860443,1234
919,Christopher,9011933451,1234
920,Ida,7446054351,1234
921,Colette,8279388649,1234
922,Penelope,9044614706,1234
923,Wayne,9902948945,1234
924,Lauren,9432672208,1234
925,Philip,9720707002,1234
926,Jessica,9628152672,1234
927,Ana,9001085579,1234
928,Betty,7506499595,1234
929,Ronald,8408854545,1234
930,William,8825294796,1234
931,Henry,9383050629,1234
932,Sylvia,7003405979,1234
933,Johanna,8615143789,1234
934,Joel,7703802351,1234
935,John,7942308992,1234
936,Sandra,8692360069,1234
937,Laura,9363515150,1234
938,Peter,8075116497,1234
939,Shirley,7235823098,1234
940,Keisha,7226727793,1234
941,Eric,8366966545,1234
942,Linda,9051358815,1234
943,Arlinda,9923391826,1234
944,Christian,7284341093,1234
945,Lisa,7609570195,1234
946,Clinton,9301468762,1234
947,Julie,7192821102,1234
948,Megan,7850940723,1234
949,William,8532510622,1234
950,Leon,9250134068,1234
951,Isaias,8201300702,1234
952,Deborah,8077129811,1234
953,Frank,8610549685,1234
954,Albert,9939619979,1234
955,Bruce,9340176063,1234
956,Kristi,9153340907,1234
957,Andrea,7879802448,1234
958,Velia,9825773251,1234
959,Mark,8351890547,1234
960,Andy,7996169963,1234
961,Aaron,7688148717,1234
962,John,8523967749,1234
963,Chad,9033219485,1234
964,Lisa,8691780725,1234
965,Gina,8788202172,1234
966,Leo,8443114839,1234
967,Brigid,9275536102,1234
968,Ellen,8963999891,1234
969,Joan,9850981533,1234
970,Ann,8420115209,1234
971,Sandra,8359918349,1234
972,Carole,7224230925,1234
973,Stephanie,9206812484,1234
974,Kimberly,7613506407,1234
975,Faustino,8739172150,1234
976,Russell,9732979242,1234
977,Michael,8288876701,1234
978,Corey,8588470332,1234
979,Travis,7865476078,1234
980,Rick,8446063811,1234
981,Peter,9513645617,1234
982,Casey,7742307413,1234
983,Michael,8996977412,1234
984,Kim,8965478857,1234
985,Jason,9267209593,1234
986,Boyd,9567215384,1234
987,Benjamin,7780449084,1234
988,Joan,7560607740,1234
989,James,8232141368,1234
990,Betty,9817734521,1234
991,Sean,7118250608,1234
992,Micki,8620634431,1234
993,Kyle,8995891085,1234
994,Bradley,7623218026,1234
995,Joanne,9690131457,1234
996,William,8212644408,1234
997,Alice,9367510172,1234
998,Marion,8344131527,1234
999,Gregory,9969051841,1234
1000,Ashlee,7330615587,1234
